Título,Plataforma,Lançamento,Gameplay,Metacritic,URL Capa
[REDACTED],EPIC Ricardo,28/10/2024,10h,77,https://encrypted-tbn0.gstatic.com/images?q=tbn:ANd9GcQZhGYnFDdytMZ_j6WG_ON592U7vC9quUAn7hCxTBU0-gZo4wzUf7DLs3DmZ_wg1D-3EoQ&usqp=CAU
20 Minutes Till Dawn,EPIC ,07/06/2022,5h,-,https://upload.wikimedia.org/wikipedia/en/b/b8/20_Minutes_Till_Dawn_title.jpg
A Plague Tale: Innocence,EPIC ,14/05/2019,12h,81,https://cdn1.epicgames.com/salesEvent/salesEvent/1bbe911a-6c89-490c-9230-cdd99c3be4b5_2560x1440-1c47786e1130e040a090368a1551a627
A Short Hike,EPIC Ricardo,05/04/2019,2h,88,"https://assets.nintendo.com/image/upload/c_fill,w_1200/q_auto:best/f_auto/dpr_2.0/ncom/software/switch/70010000032367/bc0bb51b14fcde8f0efadfc806c627c08f22dcb804c05d154b522841db586e5f"
Absolute Drift,EPIC Ricardo,28/07/2015,3h,70,https://cdn1.epicgames.com/9d2f484bbec64aa8ad234b3199dcaf1c/offer/EGS_AbsoluteDrift_FunselektorLabsInc_S5-1920x1080-955a96c6e86c9bf5d0b5136f9c4639d6.jpg
AER Memories of old,EPIC Larissa,25/10/2017,4h,69,https://upload.wikimedia.org/wikipedia/en/thumb/4/4b/AER_Memories_of_Old_cover.jpg/250px-AER_Memories_of_Old_cover.jpg
Aerial_Knight's Never Yield,EPIC Ricardo,19/05/2021,2h,65,https://cdn2.unrealengine.com/egs-aerial-knightsneveryield-aerial-knight-s1-2560x1440-4b57f17dccb9.jpg
Against All Odds,EPIC Ricardo,02/04/2021,-,-,https://encrypted-tbn0.gstatic.com/images?q=tbn:ANd9GcR9KX8Qu5EkbTGYWaXg3it7Wyk-t661hoMCXg&s
AK-xolotl: Together,EPIC Ricardo,14/09/2023,12h,75,https://cdn1.epicgames.com/spt-assets/f6e3235f6d194a41ba7f20365963c1dd/akxolotl-1buaa.png
Alba - A Wildlife Adventure,EPIC ,11/12/2020,3h,79,https://upload.wikimedia.org/wikipedia/en/thumb/0/03/Alba_A_Wildlife_Adventure_Cover_Art.jpg/250px-Alba_A_Wildlife_Adventure_Cover_Art.jpg
Alex Kidd in Miracle World DX,EPIC Ricardo,22/6/2021,"3,5h",67,https://howlongtobeat.com/games/90799_Alex_Kidd_in_Miracle_World_DX.jpg?width=250
Amnesia: A machine for pigs,EPIC Larissa,10/09/2013,4h,72,https://upload.wikimedia.org/wikipedia/en/thumb/b/ba/Amnesiaamachineforpigscoverart.jpg/250px-Amnesiaamachineforpigscoverart.jpg
Amnesia: Rebirth,EPIC Larissa,20/10/2020,9h,80,https://upload.wikimedia.org/wikipedia/en/thumb/3/3d/Amnesia_Rebirth_cover_art.jpg/250px-Amnesia_Rebirth_cover_art.jpg
Amnesia: The dark descent,EPIC Larissa,08/09/2010,8h,85,https://upload.wikimedia.org/wikipedia/en/thumb/6/62/Amnesia-The-Dark-Descent-Cover-Art.png/250px-Amnesia-The-Dark-Descent-Cover-Art.png
Among us,EPIC Larissa,16/11/2018,-,85,https://upload.wikimedia.org/wikipedia/pt/thumb/7/72/AmongUs_CoverArt.jpg/330px-AmongUs_CoverArt.jpg
Anodyne 2: Return to Dust,EPIC Ricardo,12/08/2019,9h,77,https://upload.wikimedia.org/wikipedia/en/e/eb/Anodyne_2_cover.jpg
APE OUT,EPIC Ricardo,28/02/2019,3h,83,"https://assets.nintendo.com/image/upload/c_fill,w_1200/q_auto:best/f_auto/dpr_2.0/ncom/software/switch/70010000013892/0d6102c4e96f6a4a8367e10361a64385f291875dd4ff6442baa3a459f42b065a"
Arcade Paradise,EPIC Ricardo,11/08/2022,25h,73,"https://assets.nintendo.com/image/upload/c_fill,w_1200/q_auto:best/f_auto/dpr_2.0/ncom/software/switch/70010000040572/82168470997fe0aaa812c3aca5c0d611f9ee24f821cd53867c90550f2ec4d11c"
Are You Smarter Than a 5th Grader,EPIC Ricardo,23/08/2022,29min,58,https://howlongtobeat.com/games/162268_Are_You_Smarter_Than_a_5th_Grader_2022.jpg?width=250
ARK: Survival Evolved,EPIC Ricardo,02/06/2015,200h,70,https://assets.nintendo.com/image/upload/q_auto/f_auto/ncom/software/switch/70010000010940/9a7907ab2658ed8fe077a2f093b773bd87e76b039fcce2a29afa36a7c72cfad4
Art of rally edição standart,EPIC ,23/09/2020,17h,79,https://upload.wikimedia.org/wikipedia/en/thumb/5/54/Art_of_rally_Kenya_update_Steam_header.jpg/250px-Art_of_rally_Kenya_update_Steam_header.jpg
Assassin's creed syndicate ,EPIC Larissa,23/10/2015,25h,76,https://upload.wikimedia.org/wikipedia/en/thumb/f/f2/Assassin%27s_Creed_Syndicate_cover.jpg/250px-Assassin%27s_Creed_Syndicate_cover.jpg
Astrea Six Sided Oracles,EPIC Larissa,21/09/2023,15h,85,https://upload.wikimedia.org/wikipedia/en/thumb/d/d3/Astrea_Six-Sided_Oracles_cover_art.png/250px-Astrea_Six-Sided_Oracles_cover_art.png
Astro Duel 2,EPIC Ricardo,25/01/2024,1h,-,https://encrypted-tbn3.gstatic.com/images?q=tbn:ANd9GcTulp761D43I-zhUNiX_bFiVRuGxEvSu0LO4t2t3GFsJVC5PQtfO5qfLnYYxu40SYBFz_JZQaqtNbAGf3y1k2FYyiBf5zHgwWLwjxIkwg
Auto Chess,EPIC Ricardo,23/08/2019,-,-,https://www.metacritic.com/a/img/catalog/provider/6/12/6-1-728091-52.jpg
Backpack Hero,EPIC Ricardo,14/11/2023,47h,76,https://shared.fastly.steamstatic.com/store_item_assets/steam/apps/1970580/header.jpg?t=1750843492
Batman Arkham - Trilogy,EPIC Ricardo,21/06/2023,50h,-,https://assets.nintendo.com/image/upload/q_auto/f_auto/ncom/software/switch/70070000018073/30648e0a24cff549fe97f586431b4b927a8e49f3531108ec50fd00a106733b4d
Battle Breakers,EPIC Ricardo,14/11/2019,27h,-,https://img.gg.deals/ba/0b/c6e4b788215c123c83ec4e13d6d81b9614b7_1232xr706_Q100.jpg
Behind the Frame: The Finest Scenery,EPIC Ricardo,25/08/2021,1h,73,https://cdn1.epicgames.com/salesEvent/salesEvent/EGS_BehindtheFrameTheFinestScenery_SilverLiningStudio_S1_2560x1440-6aecd08e68bad5772e080342679154d0
Beyond Blue,EPIC Ricardo,17/04/2020,3h,72,https://encrypted-tbn0.gstatic.com/images?q=tbn:ANd9GcQmd6Lt9Pl4ZXzkQqd_0IK-PU_7nnH4pGpKtg&s
BioShock: The Collection,EPIC Ricardo,13/09/2016,47h,84,https://encrypted-tbn1.gstatic.com/images?q=tbn:ANd9GcRMXEkuEkYbSh-EmF38f2fBqrrpbT4S72cL4kwep5C1tW0-KXLl7hAZpDTI4WfgLz0a319Ad6ODHABSgKBbnONCEaf85ZI6jKE7lnoZiA
Black Book,EPIC Ricardo,05/05/2020,25h,75,https://cdn1.epicgames.com/salesEvent/salesEvent/EGS_BlackBook_Morteshka_S1_2560x1440-97e2dbc3d0e628116fa510efe7f7783f
Bloons TD 6,EPIC Ricardo,14/06/2018,40h,82,https://shared.fastly.steamstatic.com/store_item_assets/steam/apps/960090/capsule_616x353.jpg?t=1738893448
Borderlands 3,EPIC Ricardo,13/09/2019,35h,81,https://cdn1.epicgames.com/catnip/offer/BL3Wide_2560x1440-2560x1440-462318f36bee20de4412e111ef72dc62.jpg
Borderlands: The Handsome Collection,EPIC,24/03/2015,100h,82,https://upload.wikimedia.org/wikipedia/en/thumb/d/d8/Borderlands_THC.jpg/250px-Borderlands_THC.jpg
Boxes: Lost Fragments,EPIC Ricardo,04/04/2024,"3,5h",84,https://howlongtobeat.com/games/144798_Boxes_Lost_Fragments.jpg?width=250
Bramble: The Montain King,EPIC Ricardo,27/04/2023,5h,77,https://www.metacritic.com/a/img/catalog/provider/6/12/6-1-933625-52.jpg
Breathedge,EPIC Ricardo,13/09/2018,20h,71,https://shared.fastly.steamstatic.com/store_item_assets/steam/apps/738520/header.jpg?t=1746537136
Brotato,EPIC Ricardo,27/09/2022,8h,76,https://cdn1.epicgames.com/spt-assets/2c5525406ea34caebf391f1f4c8a44a5/brotato-294jp.png
Brothers - A Tale of Two Sons,EPIC ,07/08/2013,4h,86,https://upload.wikimedia.org/wikipedia/pt/thumb/c/c0/Brothers_A_Tale_of_Two_Sons_capa.jpg/250px-Brothers_A_Tale_of_Two_Sons_capa.jpg
Bus Simulator 21 Next Stop,EPIC ,07/09/2021,25h,73,https://upload.wikimedia.org/wikipedia/en/e/e6/Bus_sim_21_cover.jpg
Call of the Wild: The Angler™,EPIC Ricardo,31/08/2022,15h,63,#N/A
Card Shark,EPIC Ricardo,02/06/2022,8h,80,https://howlongtobeat.com/games/81948_Card_Shark.jpg?width=250
Casa do Golf 2 (House of Golf 2),EPIC Ricardo,16/08/2024,8h,69,https://www.metacritic.com/a/img/catalog/provider/6/12/6-1-1027956-59.jpg
Castlevania Anniversary Collection,EPIC ,16/05/2019,26h,81,https://encrypted-tbn0.gstatic.com/images?q=tbn:ANd9GcSqG8iCST3HCE1FegDvWXRPdfKf0a4YIrZRGA&s
Cat Quest,EPIC,08/08/2017,6h,74,https://upload.wikimedia.org/wikipedia/en/thumb/a/a6/Cat_quest_art.jpg/250px-Cat_quest_art.jpg
Cat Quest II,EPIC ,19/09/2019,8h,76,https://upload.wikimedia.org/wikipedia/en/c/c3/Cat_Quest_II_cover_art.jpg
Cave story+,EPIC ,22/11/2011,7h,88,https://cdn2.unrealengine.com/egs-cavestory-nicalisincstudiopixel-s1-2560x1440-633664379.jpg
Celeste,EPIC ,05/01/2018,10h,92,https://upload.wikimedia.org/wikipedia/commons/thumb/6/68/Celeste_box_art_cropped.png/330px-Celeste_box_art_cropped.png
Chivalry 2,EPIC Ricardo,23/04/2021,20h,82,https://upload.wikimedia.org/wikipedia/en/thumb/4/4d/Chivalry_2_cover_art.jpg/250px-Chivalry_2_cover_art.jpg
Circus electrique,EPIC Larissa,06/09/2022,14h,70,https://cdn1.epicgames.com/offer/396a808f269241aba0fe2ad322ebd6d5/EGS_CircusElectrique_ZenStudios_S1_2560x1440-0f035a36376dd51b907662f4cd121553
Close to the sun,EPIC Larissa,04/05/2019,4h,66,https://upload.wikimedia.org/wikipedia/en/thumb/e/ed/Close_to_the_sun_cover.png/250px-Close_to_the_sun_cover.png
Control,EPIC ,27/08/2019,15h,82,https://upload.wikimedia.org/wikipedia/pt/thumb/7/73/Control_capa.png/330px-Control_capa.png
Costume Quest 2,EPIC Larissa,22/10/2020,7h,68,https://www.nintendo.com/eu/media/images/10_share_images/games_15/wiiu_download_software_5/SI_WiiUDS_CostumeQuest2_image1600w.jpg
Cris tales,EPIC ,20/07/2021,23h,74,https://i.ytimg.com/vi/sT9gyPO-H6Q/maxresdefault.jpg
Cursed to golf,EPIC ,18/08/2022,7h,80,https://shared.fastly.steamstatic.com/store_item_assets/steam/apps/1726120/header.jpg?t=1742317817
CYGNI: All Guns Blazing,EPIC Ricardo,05/08/2024,3h,74,https://gamertogamer.com.br/wp-content/uploads/2024/07/cygni-allgunsblazing-artwork.jpg
DAEMON X MACHINA,EPIC Ricardo,13/09/2019,16h,69,https://encrypted-tbn0.gstatic.com/images?q=tbn:ANd9GcQ2W47sWVwEZQUFoNDRi2EM-q6uJ89rNYbBmQ&s
Dakar Desert Rally,EPIC,04/10/2022,24h,69,https://cdn1.epicgames.com/offer/ac98aa34584648f2b71152e509191c1c/EGS_DakarDesertRally_SaberPortoLtd_S6_1200x1600-9b39c1ea860c6ed7bd704bf8768563fa
Dandara: Trials of Fear Edition,EPIC  ,06/02/2018,8h,73,"https://assets.nintendo.com/image/upload/c_fill,w_1200/q_auto:best/f_auto/dpr_2.0/ncom/software/switch/70010000004800/1d561ffd7bfa532e60fab66b39d3f8aa290975b8b5f7dc3f37497b5c47574397"
Darksiders II Deathinitive Edition,EPIC Ricardo,27/10/2015,25h,72,https://shared.fastly.steamstatic.com/store_item_assets/steam/apps/388410/capsule_616x353.jpg?t=1725285685
Darksiders Warmastered Edition,EPIC Ricardo,25/10/2016,18h,77,https://shared.fastly.steamstatic.com/store_item_assets/steam/apps/462780/capsule_616x353.jpg?t=1736838436
DARQ: complete edition,EPIC Larissa,15/8/2019,3h,78,https://i.ytimg.com/vi/Uz69syeEUPY/hqdefault.jpg?sqp=-oaymwEmCOADEOgC8quKqQMa8AEB-AHUBoAC4AOKAgwIABABGEkgRChlMA8=&rs=AOn4CLCVkgzQ-mkdeRtZ8jVC6FJHtkyWJg
Dauntless (servidores fechados),EPIC Ricardo,2019,63h,78,https://encrypted-tbn0.gstatic.com/images?q=tbn:ANd9GcTq9KnUmrU0N9WsTLZhrTrt8nNwMSJVECwVlA&s
Dead By Daylight,EPIC Ricardo,14/06/2016,300h,71,https://howlongtobeat.com/games/37986_Dead_by_Daylight.jpg?width=250
Dead Island 2,EPIC,21/04/2023,20h,73,https://i.ytimg.com/vi/mi5bYOi2BWo/hq720.jpg?sqp=-oaymwEhCK4FEIIDSFryq4qpAxMIARUAAAAAGAElAADIQj0AgKJD&rs=AOn4CLChybVPgidXceZpCdzsu3R37Q3K6w
DEATH STRANDING,EPIC,08/11/2019,50h,82,https://store-images.s-microsoft.com/image/apps.8503.13774354316070254.dbfd815f-aaf8-4e63-b069-bd514601d13b.16ada0a5-9808-40e8-a5f1-6320735b19ff?q=90&w=480&h=270
Death's Door,EPIC Ricardo,20/07/2021,"10,5h",85,https://www.metacritic.com/a/img/catalog/provider/6/12/6-1-809056-52.jpg
Death's Gambit - Afterlife,EPIC Ricardo,13/08/2018,18h,78,https://cdn1.epicgames.com/spt-assets/58c8925d94e440c7b0b4206635272579/deaths-gambit--afterlife-tbcov.jpg
Deathloop,EPIC,14/09/2021,18h,88,https://upload.wikimedia.org/wikipedia/pt/e/e4/Deathloop_capa.jpg
Deceive inc.,EPIC Ricardo,21/03/2023,15h,75,https://howlongtobeat.com/games/109371_Deceive_Inc..jpg?width=250
Deliver At All Costs,EPIC Ricardo,22/05/2025,10h,69,https://i.ytimg.com/vi/uYgZqN4kJpI/maxresdefault.jpg
Deliver Us Mars,EPIC Ricardo,02/02/2023,9h,69,https://cdn1.epicgames.com/offer/53ec6d9f552241549c4d8aa1a42bcb3b/EGS_DeliverUsMars_KeokeNInteractive_S1_2560x1440-b5b36e7ef7feabf180837cc9d15efdae
Demon's Tilt,EPIC Ricardo,13/12/2019,"8,5h",-,https://howlongtobeat.com/games/64628_DEMONS_TILT.jpg?width=250
Destiny 2,EPIC,06/09/2017,15h,85,https://cdn1.epicgames.com/offer/428115def4ca4deea9d69c99c5a5a99e/EN_Bungie_D2_S26_OfferLandscape_S1_2560x1440_2560x1440-8727d5a503bbc30d0d822790a269dc75
Destiny 2: Coleção de Clássicos (2023),EPIC,2023,,,https://shared.fastly.steamstatic.com/store_item_assets/steam/apps/2266420/capsule_616x353_brazilian.jpg?t=1717435303
Deus Ex Mankind Divided,EPIC Ricardo,23/08/2016,23h,83,https://howlongtobeat.com/games/25434_Deus_Ex_Mankind_Divided.jpg?width=250
Dishonored definitive edition,EPIC Larissa,25/08/2015,15h,80,https://encrypted-tbn0.gstatic.com/images?q=tbn:ANd9GcTtc0bTy4bZ3WO4IkcpBAIa_ClTnYldrYKRLl4HUGdinNv6qZWVb5a88QxLFqepmPXIg7YRNSxg-ltBGr9C1E_CZaRuxAn0nBGgOR4o620
DNF Duel,EPIC Ricardo,21/06/2022,2h,80,https://cdn1.epicgames.com/spt-assets/98cdc7484b264021ad8a3a6e1e721989/dnf-duel-1alsy.jpg
Dodo Peak,EPIC Ricardo,12/09/2019,-,56,https://cdn1.epicgames.com/spt-assets/f12a1b6884a4432dbd042e98a7eda29c/dodo-peak-1876q.jpg
Doki Doki Literature Club Plus!,EPIC ,30/06/2021,6h,85,"https://assets.nintendo.com/image/upload/c_fill,w_1200/q_auto:best/f_auto/dpr_2.0/ncom/software/switch/70010000042151/cfef7634adfd013fc6429f00e0284ddef85c0f857ed5da8d319710cbc249cac3"
Doom 64,EPIC ,31/03/1997,8h,76,https://upload.wikimedia.org/wikipedia/pt/0/06/Doom_64_cover.png
Doors Paradox,EPIC ,24/09/2021,5h,-,https://encrypted-tbn0.gstatic.com/images?q=tbn:ANd9GcRXF4CzCUPRpsQpWj6F24HeckCGO5GM4VwZEA&s
Dragon age: Inquisition - Edição GOTY,EPIC ,06/10/2015,70h,85,https://cdn1.epicgames.com/spt-assets/175e781d820144ce966f1c1942b64b57/dragon-age-inquisition-game-of-the-year-edition-1ruf7.jpg
Dredge,EPIC ,30/03/2023,11h,80,https://i.ytimg.com/vi/phQV9vqqOYI/maxresdefault.jpg
Dying Light Enhanced Edition + DLCs variadas,EPIC ,09/02/2016,30h,74,https://cdn1.epicgames.com/spt-assets/175e781d820144ce966f1c1942b64b57/dragon-age-inquisition-game-of-the-year-edition-1ruf7.jpg
EARTHLOCK,EPIC Ricardo,01/09/2016,25h,73,https://encrypted-tbn0.gstatic.com/images?q=tbn:ANd9GcSfZxpO7ENxxXH1THfKyLxpW4ZL9Y5nFVTdMg&s
Eastern Exorcist,EPIC Ricardo,07/07/2021,7h,73,https://howlongtobeat.com/games/81868_Eastern_Exorcist.jpg?width=100
Electrician Simulator,EPIC Ricardo,21/09/2022,8h,60,https://howlongtobeat.com/games/113859_Electrician_Simulator.jpg?width=100
Elite Dangerous,EPIC Ricardo,02/04/2015,197h,80,https://www.metacritic.com/a/img/catalog/provider/6/12/6-1-776158-52.jpg
Edição Standard de HUMANKIND™,EPIC Ricardo,21/10/2020,20h,77,https://cdn1.epicgames.com/offer/02c14a01b7044db98de3f3a10813a42e/HK_Landscape_2560x1440-0233eae757a0e921c879b7be3a697d97
Empyrion - Galactic Survival,EPIC Ricardo,05/08/2015,60h,57,https://external-preview.redd.it/jOZSWfQ7YiVOl6-cLglHpsZIvOYfKE_rBnZ4Gz4HkkM.jpg?auto=webp&s=e5a9096ab88f46b1479419472d4454ca59ce0d6e
Encased,EPIC Ricardo,26/09/2019,30h,73,https://shared.fastly.steamstatic.com/store_item_assets/steam/apps/921800/ss_de9ce32839362669c8aa5fe461f9cc30c84f00a7.1920x1080.jpg?t=1669389314
Ender Lilies: Quietus of the Knights,EPIC Ricardo,20/06/2021,16h,86,https://shared.fastly.steamstatic.com/store_item_assets/steam/apps/921800/ss_de9ce32839362669c8aa5fe461f9cc30c84f00a7.1920x1080.jpg?t=1669389314
Escape Academy,EPIC Ricardo,14/07/2022,5h,79,https://cdn1.epicgames.com/spt-assets/9da72b3af32d4818b502369a4aac5aac/escape-academy-q97as.png
Eternights,EPIC Ricardo,12/11/2023,12h,75,https://howlongtobeat.com/games/108858_Eternights.jpg?width=100
Europa Universalis IV,EPIC Ricardo,13/08/2013,400h,87,https://shared.fastly.steamstatic.com/store_item_assets/steam/apps/236850/header.jpg?t=1746720143
Evil Dead: The Game,EPIC Ricardo,13/05/2022,23h,72,https://encrypted-tbn2.gstatic.com/images?q=tbn:ANd9GcQphzurAbq-1-BhJ0XwdLPYdSwTMIKTyn9lqY7IreXeagFGlti1BBANUHLgYL7v2y-NPsXQw0FJ-6t_UQ6Wsem2DgyPGbFWeK-rEaM28Vg
Eximius: Seize the Frontline,EPIC Ricardo,27/09/2018,14h,53,https://cdn1.epicgames.com/spt-assets/7d154d418a91400db2611275df5837d1/eximius-seize-the-frontline-14inc.jpg
F.I.S.T.: Forged In Shadow Torch,EPIC Ricardo,,15h,81,https://www.metacritic.com/a/img/catalog/provider/6/12/6-1-779745-52.jpg
F1® Manager 2024,EPIC Ricardo,23/07/2024,35h,81,https://cdn1.epicgames.com/spt-assets/57015e643399448f8139291daa15bfc2/f1-manager-2024-15uhb.jpg
Fall Guys,EPIC Ricardo,04/08/2020,-,81,https://gmedia.playstation.com/is/image/SIEPDC/fall-guys-ultimate-knockout-s4-keyart-01-en-17apr23?$native$
Fallout 3: Game of the Year Edition,EPIC  ,28/09/2008,30h,93,https://encrypted-tbn0.gstatic.com/images?q=tbn:ANd9GcTKMWr-xsM_Jg-SHKmsdAHGgFFipPQtuCLXmn_9sQ9eILAkWRbY5HN1kHQi0eq-LJaFSRYKVhM6FgRUef2SSe9yQmrbh2bXETc5-pqTCQk
Fallout: New Vegas - Ultimate Edition,EPIC Ricardo,18/09/2010,40h,84,https://encrypted-tbn1.gstatic.com/images?q=tbn:ANd9GcQ-CCKJwPanTCbTFzGCbKbW8IOKK2vpSfCtHxfx2EoaJNoeAWN0V7v6Fce139b5dPUQ9zQW4MqsLKw2a81U6N_Yhj687Y6rpDB7cU6tmyo
Fallout® Classic Collection (1 + 2 + Tatics),EPIC Ricardo,19/08/2009,-,-,https://shared.fastly.steamstatic.com/store_item_assets/steam/subs/45615/header_586x192.jpg?t=1447454919
Farming Simulator 22,EPIC  ,21/11/2021,180h,75,https://shared.fastly.steamstatic.com/store_item_assets/steam/apps/1248130/header.jpg?t=1715068241
Figment,EPIC Ricardo,22/09/2017,5h,75,https://encrypted-tbn1.gstatic.com/images?q=tbn:ANd9GcS_C5XJyGYBehJKCiML34yl3HIg06DEYLikjsL-4lWzUVN-BjE1BUL9zQP5jxV005mBHlL3zXSv8_iGmgku_LHh7jQ3f9xtRF8-6yqifj0
Figment 2: Creed Valley,EPIC Ricardo,09/03/2023,4h,76,https://howlongtobeat.com/games/99345_Figment_2_Creed_Valley.jpg?width=250
Floppy Knights,EPIC Larissa,24/05/2022,10h,69,https://encrypted-tbn2.gstatic.com/images?q=tbn:ANd9GcQSJIhQVYcaoUi92aAGbrKsbeXE22EgUtTDTS0uRlKPJO4jJbk8MmuKkKZzJiY9JKUvGDyYA1aVAHtj8z8QlH-7DsX2_XuoXVVTO4y9dg
Freshly Frosted,EPIC Ricardo,2022,6h,85,https://cdn1.epicgames.com/spt-assets/8856ac3296214cc086bc101382ee8ffa/freshly-frosted-offer-1tpl2.jpg
Galactic Civilizations 3,EPIC Ricardo,14/05/2015,32h,81,https://howlongtobeat.com/games/Galactic-Civilizations_III_header.jpg?width=100
Garden Story,EPIC Ricardo,11/08/2021,11h,73,"https://assets.nintendo.com/image/upload/c_limit,f_auto,h_300,q_auto,w_500/v1/ncom/en_US/games/switch/g/garden-story-switch/Video/posters/Garden_Story_Trailer"
Genshin Impact,EPIC  ,28/09/2020,300h,81,https://encrypted-tbn0.gstatic.com/images?q=tbn:ANd9GcQseU_9P0CnSh4lQSqeuDF4HM07oApg8bID2g&s
Ghostbusters: Spirits Unleashed,EPIC Ricardo,18/10/2022,8h,69,https://howlongtobeat.com/games/114461_Ghostbusters_Spirits_Unleashed.jpg?width=100
Ghostrunner,EPIC  ,27/10/2020,8h,81,https://image.api.playstation.com/vulcan/ap/rnd/202108/2600/1DlKER9veYVd7oEWnUO5yzTI.png
Ghostrunner 2,EPIC Ricardo,26/09/2023,9h,80,https://cdn1.epicgames.com/offer/708f57aaa04b42ef885be16c8288f0ac/EGS_Ghostrunner2_OneMoreLevel_S1_2560x1440-15845148fae1d0cfd7f3e98c9b3ba6ba
Ghostwire: tokyo,EPIC Larissa,25/03/2020,13h,75,https://cdn2.unrealengine.com/egs-ghostwiretokyodeluxeedition-tangogameworks-editions-s1-2560x1440-c2f71dafbe7e.jpg?resize=1&w=480&h=270&quality=medium
GigaBash,EPIC Ricardo,04/08/2022,3h,73,https://cdn1.epicgames.com/offer/16fc138ed83846bc90d923fe0d87ad72/EGS_GigaBash_PassionRepublicGames_S1_2560x1440-f0d657610403750a33b2ed4a372d21ec
Gigantic: Rampage Edition,EPIC Ricardo,09/04/2024,23h,65,https://shared.fastly.steamstatic.com/store_item_assets/steam/apps/1924490/header.jpg?t=1717106915
Gigapocalypse,EPIC Ricardo,07/2023,3h,- ,https://encrypted-tbn0.gstatic.com/images?q=tbn:ANd9GcQB9nMdKLxX1IJiNycvqGr8mcKCHQY9nHHIZWT2D_FGMyGyiiE73BjiDtaxSp71tDdUp-K0QFqKx4444Ug9gI6g5Qs71vku2SrkU9mjug
Godfall Challenger Edition,EPIC Ricardo,06/12/2021,3h,61,https://encrypted-tbn0.gstatic.com/images?q=tbn:ANd9GcTT8XUsR3Dtq_OqG9gPKIHewV1bX5Qz20U9Ow&s
Godlike Burger,EPIC Ricardo,21/04/2024,15h,60,https://cdn1.epicgames.com/spt-assets/f42598038b9343e58d27e0a8c0b831b6/download-godlike-burger-offer-8u2uh.jpg
Gods Will Fall,EPIC ,28/01/2021,5h,63,https://store-images.s-microsoft.com/image/apps.61092.14270033127007010.6d5f6034-0e7c-46cb-9972-960d76400a32.41a4fec8-da6a-4295-9e00-29cee12a4a1f?q=90&w=480&h=270
Golden Light,EPIC Ricardo,24/10/2022,1h,-,https://howlongtobeat.com/games/115102_Golden_Light_of_Rose.jpg?width=250
GRIME,EPIC Ricardo,02/08/2021,13h,81,https://cdn.dlcompare.com/game_tetiere/upload/gameimage/file/83737.jpg.webp
GTA 5: Edição premium,EPIC  ,18/12/2017,35h,97,https://encrypted-tbn0.gstatic.com/images?q=tbn:ANd9GcQDd5ZOmohSmpGD-ydJJUl-EdX3EjcUSGrMKw&s
Guacamelee! 2,EPIC Ricardo,21/08/2018,10h,83,https://cdn1.epicgames.com/spt-assets/b05acd7d28d34f6d93a961b0e53ddf0b/guacamelee-2-1lym2.jpg
Guacamelee! Super Turbo Championship Edition,EPIC ,01/07/2014,8h,87,"https://assets.nintendo.com/image/upload/c_fill,w_1200/q_auto:best/f_auto/dpr_2.0/ncom/software/switch/70010000013888/82caeddd252b7f99bd6f037d486d86d77d783fa31a544e3e0329bb8d8a9a20ec"
Guardiões da Galáxia ,EPIC  ,26/10/2021,20h,80,https://www.metacritic.com/a/img/catalog/provider/6/12/6-1-803331-52.jpg
Hell is Other Demons,EPIC ,18/04/2019,4h,74,https://i.ytimg.com/vi/X5ljTgDCvTo/maxresdefault.jpg
Hell Let Loose,EPIC Ricardo,27/07/2021,-,79,https://howlongtobeat.com/games/64501_Hell_Let_Loose.jpg?width=250
Homeworld Remastered Collection,EPIC Ricardo,25/02/2015,26h,86,https://assets.isthereanydeal.com/018d937e-fa46-720f-a299-70210e5a88f5/banner600.jpg?t=1733599837
Homeworld: Deserts of Kharak,EPIC Ricardo,20/01/2016,11h,79,https://cdn1.epicgames.com/offer/e209b2d1d5384f639335f64e3e6c4bb8/EGS_HomeworldDesertsofKharak_BlackbirdInteractive_S1_2560x1440-31319bacd65f25e6eb277bef9c8e8c53
Horace,EPIC  ,18/07/2019,14h,82,https://shared.fastly.steamstatic.com/store_item_assets/steam/apps/629090/capsule_616x353.jpg?t=1591188599
Horizon Chase Turbo,EPIC  ,15/05/2018,10h,82,https://cdn2.unrealengine.com/egs-horizonchaseturbo-aquiris-g1a-00-1920x1080-c164ac12745f.jpg
HOT WHEELS UNLEASHED™,EPIC Ricardo,,,,https://i.ytimg.com/vi/X5ljTgDCvTo/maxresdefault.jpg
Hotwheels 2,EPIC Larissa,,,,#N/A
Hotwheels Unleashed,EPIC Larissa,,,,#N/A
Hue,EPIC Larissa,,,,#N/A
Human Resource Machine,EPIC,,,,#N/A
Hyper Light Drifter,EPIC Ricardo,31/03/2016,"9,5h",84,https://howlongtobeat.com/games/13557_Hyper_Light_Drifter.jpg?width=250
Idle Champions of the Forgotten Realms,EPIC Ricardo,,,,#N/A
In Sound Mind,EPIC Ricardo,,,,#N/A
Industria,EPIC,,,,#N/A
Infinifactory,EPIC Ricardo,,,,#N/A
INSIDE,EPIC,,,,#N/A
Into the breach,EPIC Larissa,,,,#N/A
Invincible Presents: Atom Eve,EPIC Ricardo,,,,#N/A
Islets,EPIC Ricardo,,,,#N/A
Jennifer Wilde: Unlikely Revolutionaries,EPIC Ricardo,18/10/2022,4h,-,https://howlongtobeat.com/games/109938_Jennifer_Wilde_Unlikely_Revolutionaries.jpg?width=250
Jitsu Squad,EPIC Ricardo,,,,#N/A
Jotun: Valhalla edition,EPIC Larissa,,,,#N/A
Jurassic World Evolution,EPIC Larissa,,,,#N/A
Jurassic World Evolution 2,EPIC Ricardo,,,,#N/A
Just Cause 4 Standard Edition,EPIC  ,,,,#N/A
Just Die Already,EPIC Ricardo,,,,#N/A
Kao the Kangaroo,EPIC Ricardo,27/05/2022,"6,5h",69,https://howlongtobeat.com/games/103354_Kao_the_Kangaroo_(2022).jpg?width=250
Kardboard Kings,EPIC Ricardo,,,,#N/A
KeyWe,EPIC Ricardo,31/08/2021,7h,73,https://howlongtobeat.com/games/82661_KeyWe.jpg?width=250
Kill Knight,EPIC,,,,#N/A
Killing Floor 2,EPIC Ricardo,16/11/2016,20h,75,https://howlongtobeat.com/games/25991_Killing_Floor_2.jpg?width=250
Kingdom Come: Deliverance,EPIC Ricardo,,,,#N/A
Kingdom New Lands,EPIC Larissa,,,,#N/A
Lego Batman Trilogy,EPIC Ricardo,,,,#N/A
Lego Stars Wars: The Skywalker,EPIC,,,,#N/A
Liberté,EPIC Ricardo,03/07/2023,-,52,https://www.metacritic.com/a/img/catalog/provider/6/12/6-1-947696-52.jpg
Limbo,EPIC Ricardo,,,,#N/A
LISA: Definitive Edition,EPIC  ,,,,#N/A
Little Inferno,EPIC Ricardo,,,,#N/A
Loop hero,EPIC  ,,,,#N/A
Lost Castle,EPIC  ,,,,#N/A
LOVE,EPIC,,,,#N/A
Lysfanga: The Time Shift Warrior,EPIC Ricardo,13/02/2024,"11,5h",74,https://howlongtobeat.com/games/129790_Lysfanga_The_Time_Shift_Warrior.jpg?width=250
Mages of Mystralia,EPIC  ,,,,#N/A
Maid of Sker,EPIC Ricardo,28/07/2020,5h,69,https://howlongtobeat.com/games/62062_Maid_of_Sker.jpg?width=250
Maneater,EPIC Ricardo,22/05/2020,9h,70,https://howlongtobeat.com/games/68266_Maneater.jpg?width=250
Marvel's Midnight Suns,EPIC Ricardo,,,,#N/A
Melvor Idle,EPIC  ,17/11/2021,1100h,-,https://howlongtobeat.com/games/86147_Melvor_Idle.jpg?width=250
Metro 2033 Redux,EPIC Larissa,,,,#N/A
Metro Last Light Redux,EPIC Larissa,,,,#N/A
Mighty Fight Federation,EPIC Ricardo,1/3/2021,-,69,https://howlongtobeat.com/games/89609_Mighty_Fight_Federation.jpg?width=250
Model Builder Complete Edition,EPIC Ricardo,8/2/2022,18h,-,https://howlongtobeat.com/games/103885_Model_Builder.jpg?width=250
Morbid The Seven Acolytes,EPIC Ricardo,3/12/2020,8h,71,https://howlongtobeat.com/games/83854_Morbid_The_Seven_Acolytes.jpg?width=250
Mortal Shell,EPIC Ricardo,,,,#N/A
Moving Out,EPIC  ,,,,#N/A
Murder by Numbers,EPIC Ricardo,,,,#N/A
Mutant Year Zero: Road to Eden,EPIC Ricardo,,,,#N/A
Mutazione,EPIC Ricardo,,,,#N/A
MythForce,EPIC Ricardo,20/04/2022,8h,68,https://howlongtobeat.com/games/106963_MythForce.jpg?width=250
My time at portia,EPIC Larissa,,,,#N/A
NBA 2K21,EPIC Larissa,,,,#N/A
Necromunda: Hired Gun,EPIC Ricardo,31/05/2021,10h,62,https://howlongtobeat.com/games/90106_Necromunda_Hired_Gun.jpg?width=250
Neko Ghost Jump!,EPIC Ricardo,11/01/2022,-,-,https://howlongtobeat.com/games/98066_Neko_Ghost_Jump.jpg?width=250
Neon Abyss,EPIC  ,,,,#N/A
Night in the woods,EPIC Larissa,,,,#N/A
Nioh: The Complete Edition,EPIC,,,,#N/A
No Straight Roads: Encore Edition,EPIC Ricardo,25/08/2020,6h,73,https://howlongtobeat.com/games/104624_No_Straight_Roads_Encore_Edition.jpg?width=250
Ogu e a Floresta Secreta,EPIC ,,,,#N/A
Orcs Must Die! 3,EPIC ,,,,#N/A
Orwell: Keeping an Eye on You,EPIC Ricardo,,,,#N/A
Outliver: Tribulation,EPIC Ricardo,,,,#N/A
Overcooked,EPIC Ricardo,,,,#N/A
Overcooked! 2,EPIC  ,,,,#N/A
Pâquerette Down The Bunburrows,EPIC Ricardo,02/08/2023,8h,-,https://howlongtobeat.com/games/132419_Paquerette_Down_the_Bunburrows.jpg
Paradigm,EPIC Ricardo,,,,#N/A
Pathfinder: Kingmaker - Enhanced Plus Edition,EPIC Ricardo,,,,#N/A
PAYDAY 2,EPIC  ,,,,#N/A
Pikuniku,EPIC Larissa,,,,#N/A
Pine,EPIC Larissa,,,,#N/A
Predator Hunting Grounds,EPIC Ricardo,24/04/2020,4h,62,https://howlongtobeat.com/games/132419_Paquerette_Down_the_Bunburrows.jpg
Predecessor,EPIC Ricardo,,,,#N/A
Prey,EPIC  ,,,,#N/A
Priest Simulator Vampire Show,EPIC Ricardo,05/12/2024,9h,71,https://howlongtobeat.com/games/157940_Priest_Simulator_Vampire_Show.jpg?width=250
Prison Architect,EPIC Ricardo,,,,#N/A
Rage 2,EPIC Ricardo,13/05/2019,22h,73,https://www.metacritic.com/a/img/catalog/provider/6/12/6-1-786606-52.jpg
Recipe for Disaster,EPIC Ricardo,,,,#N/A
Redout 2,EPIC Ricardo,,,,#N/A
Redout: Enhanced Edition,EPIC Ricardo,,,,#N/A
Relicta,EPIC Ricardo,,,,#N/A
Remnant: From the Ashes,EPIC  ,,,,#N/A
Rise of the Tomb Raider: 20 Year Celebration,EPIC Ricardo,,,,#N/A
River City Girls,EPIC Ricardo,,,,#N/A
Riverbond,EPIC Larissa,,,,#N/A
Rogue Legacy,EPIC Ricardo,,,,#N/A
Rollercoaster Tycoon 3 : Complete edition,EPIC Larissa,,,,#N/A
Rugrats: Adventures in Gameland,EPIC  ,,,,#N/A
Rumble Club,EPIC Ricardo,,,,#N/A
Sable,EPIC,,,,#N/A
Sail Forth,EPIC ,,,,#N/A
Saints Row,EPIC ,,,,#N/A
Saints row: the thrid remastered,EPIC Larissa,,,,#N/A
Salt and Sanctuary,EPIC Ricardo,,,,#N/A
SAMURAI SHODOWN NEOGEO COLLECTION,EPIC Ricardo,,,,#N/A
Sands of Aura,EPIC Ricardo,27/10/2023,32h,-,https://howlongtobeat.com/games/99489_Sands_of_Aura.jpg?width=250
Scarf,EPIC Ricardo,23/12/2021,"4,5h",69,https://howlongtobeat.com/games/101772_Scarf.jpg?width=250
Second Extinction™,EPIC Ricardo,,,,#N/A
Severed Steel,EPIC  ,,,,#N/A
Shadow of the Tomb Raider: Definitive Edition,EPIC  ,,,,#N/A
Shadow Tactics: Blades of the Shogun,EPIC  ,,,,#N/A
shapez,EPIC Ricardo,,,,#N/A
Sheltered,EPIC Ricardo,,,,#N/A
Shenmue III,EPIC  ,,,,#N/A
Sherlock Holmes: crimes and punishment,EPIC Larissa,,,,#N/A
Sifu,EPIC  ,,,,#N/A
Skydrift Infinity,EPIC Ricardo,29/07/2021,"3,5h",77,https://howlongtobeat.com/games/100548_SkyDrift_Infinity.jpg?width=250
Sky Racket,EPIC Ricardo,17/03/2020,5h,72,https://howlongtobeat.com/games/68011_Sky_Racket.jpg?width=250
Snakebird Complete,EPIC Ricardo,,,,#N/A
Sniper Ghost Warrior Contracts,EPIC Ricardo,,,,#N/A
Solitarica,EPIC Larissa,,,,#N/A
Sonic Mania,EPIC  ,,,,#N/A
Soulstice,EPIC Ricardo,,,,#N/A
Spelldrifter,EPIC Ricardo,,,,#N/A
Spirit of the North,EPIC Ricardo,07/05/2020,6h,58,https://howlongtobeat.com/games/70825_Spirit_of_the_North.jpg?width=250
Star Stuff,EPIC Ricardo,07/07/2024,6h,-,https://howlongtobeat.com/games/151903_Star_Stuff.jpg?width=250
Stasis: Bone Totem,EPIC Ricardo,31/05/2023,13h,85,https://howlongtobeat.com/games/86843_Stasis_Bone_Totem.jpg?width=250
Stranded Deep,EPIC Larissa,,,,#N/A
Stranger things 3: the game,EPIC Larissa,,,,#N/A
Stubbs the zombie in rebel without a pulse,EPIC Larissa,,,,#N/A
Suicide Squad: Kill the Justice League,EPIC Ricardo,02/02/2024,15h,63,https://howlongtobeat.com/games/82067_Suicide_Squad_Kill_the_Justice_League.jpg?width=250
Sundered: eldritch edition,EPIC Larissa,,,,#N/A
Sunless Skies: Sovereign Edition,EPIC Ricardo,,,,#N/A
Super crazy rhythm castle,EPIC,,,,#N/A
Super Meat Boy,EPIC Ricardo,20/10/2010,14h,86,https://howlongtobeat.com/games/9389_Super_Meat_Boy.jpg?width=250
Super Meat Boy Forever,EPIC  ,,,,#N/A
Super Space Club,EPIC Ricardo,,,,#N/A
SUPERHOT,EPIC  ,,,,#N/A
Supraland,EPIC Larissa,,,,#N/A
Surviving the Aftermath,EPIC Ricardo,,,,#N/A
Tales From the Borderlands,EPIC Ricardo,20/10/2015,11h,85,https://howlongtobeat.com/games/22804_Tales_from_the_Borderlands.jpg?width=250
Tandem: A Tale of Shadows,EPIC Ricardo,,,,#N/A
Teenage Mutant Ninja Turtles: Shredders Revenge,EPIC Ricardo,16/06/2022,4h,84,https://howlongtobeat.com/games/89573_Teenage_Mutant_Ninja_Turtles_Shredders_Revenge.jpg?width=250
Terraforming Mars,EPIC Ricardo,,,,#N/A
TerraTech,EPIC Ricardo,,,,#N/A
The Big Con,EPIC Ricardo,,,,#N/A
The Bridge,EPIC  ,,,,#N/A
The Callisto Protocol,EPIC Ricardo,,,,#N/A
The Dungeon of Naheulbeuk,EPIC Ricardo,,,,#N/A
The Elder Scrolls Online,EPIC Ricardo,04/04/2014,300h,71,https://howlongtobeat.com/games/The_Elder_scrolls_online_logo.jpg?width=250
The Escapists,EPIC Larissa,,,,#N/A
The Escapists 2,EPIC  ,,,,#N/A
The Eternal Cylinder,EPIC Ricardo,30/09/2021,14h,79,https://howlongtobeat.com/games/80034_The_Eternal_Cylinder.jpg?width=100
The Evil Within 2,EPIC Ricardo,,,,#N/A
The Last Show of Mr Chardish,EPIC Ricardo,05/11/2020,3h,,https://howlongtobeat.com/games/82702_The_Last_Show_of_Mr_Chardish.jpg?width=250
The Last Stand: Aftermath,EPIC  ,,,,#N/A
The Lord of the Rings: Return to Moria,EPIC  ,,,,#N/A
The Messenger,EPIC  ,,,,#N/A
The Operator,EPIC Ricardo,22/07/2024,4h,78,https://howlongtobeat.com/games/151159_The_Operator.jpg?width=250
The Outer Worlds: Spacer's Choice Edition,EPIC  ,,,,#N/A
The Silent Age,EPIC  ,,,,#N/A
The Sims™ 4 Bundle Vida em Ousadia,EPIC  ,,,,#N/A
The Sims™ 4 Meu Primeiro Bichinho Coleção de Objetos,EPIC Ricardo,,,,#N/A
The Sims™ 4 Pacote de Festas de Fim de Ano,EPIC Ricardo,,,,#N/A
The spectrum retreat,EPIC Larissa,,,,#N/A
The Talos Principle,EPIC  ,,,,#N/A
The Vanishing of Ethan Carter,EPIC Ricardo,,,,#N/A
The Wolf Among Us,EPIC Ricardo,,,,#N/A
theHunter: Call of the Wild™,EPIC Ricardo,,,,#N/A
Them's fightin herd,EPIC Larissa,,,,#N/A
Thief,EPIC Ricardo,,,,#N/A
Tiny Tina's Wonderlands,EPIC  ,,,,#N/A
To The Rescue A Dog Shelter Simulator,EPIC Ricardo,02/11/2021,15h,57,https://howlongtobeat.com/games/94006_To_The_Rescue.jpg?width=250
TOEM,EPIC Ricardo,17/09/2021,4h,79,https://howlongtobeat.com/games/86977_Toem.jpg?width=250
Tomb raider: GOTY Edition,EPIC  ,,,,#N/A
Tormentor x Punisher,EPIC Ricardo,02/06/2017,3h,-,https://howlongtobeat.com/games/47522_TormentorPunisher.jpg?width=250
Town of Salem 2,EPIC Ricardo,,,,#N/A
Trek to Yomi,EPIC RIcardo,05/05/2022,6h,71,https://howlongtobeat.com/games/93913_Trek_to_Yomi.jpg?width=250
TroubleMaker,EPIC RIcardo,13/10/2023,9h,-,https://howlongtobeat.com/games/126072_Troublemaker.jpg?width=250
Tunche,EPIC  ,,,,#N/A
Turmoil,EPIC  ,,,,#N/A
Turnip Boy Commits Tax Evasion,EPIC  ,,,,#N/A
Two Point Hospital,EPIC  ,,,,#N/A
Vampire Survivors,EPIC  ,,,,#N/A
Vampyr,EPIC Ricardo,05/06/2018,23h,72,https://howlongtobeat.com/games/35857_Vampyr.jpg?width=250
Wargame: Red Dragon,EPIC Ricardo,,,,#N/A
Watch Dogs,EPIC Ricardo,27/05/2014,26h,77,https://howlongtobeat.com/games/watch_dogs.jpg?width=250
Watch Dogs: Legion Ultimate Edition,EPIC Ricardo,,,,#N/A
Weird West: Definitive Edition,,08/05/2023,21h,-,https://howlongtobeat.com/games/80053_Weird_West.jpg?width=250
Wheels of Aurelia,EPIC Ricardo,,,,#N/A
while True: learn(),EPIC ,,,,#N/A
Wild Card Football,EPIC Ricardo,,,,#N/A
Windbound,EPIC  ,,,,#N/A
Witch it,EPIC Larissa,,,,#N/A
Wizard of Legend,EPIC Larissa,,,,#N/A
Wizard of Legend,EPIC Ricardo,,,,#N/A
Wolfstein: the new order,EPIC Larissa,,,,#N/A
Wonder Boy The Dragons Trap,EPIC,,,,#N/A
World War Z: Aftermath,EPIC Ricardo,,,,#N/A
Yooka-Laylee and the Impossible Lair,EPIC Ricardo,,,,#N/A
Zombie Army 4 Dead War,EPIC Ricardo,04/02/2020,15h,74,https://howlongtobeat.com/games/74558_Zombie_Army_4.jpeg?width=250